{"cameraMode":{"drawMode":0,"name":"Shaded","section":"Shading Mode"},"sceneLighting":false,"audioPlay":false,"sceneViewState":{"showFog":true,"showMaterialUpdate":false,"showSkybox":false,"showFlares":true,"showImageEffects":true,"showParticleSystems":true},"in2DMode":false,"pivot":{"x":20.899999618530275,"y":19.5,"z":72.98200988769531},"rotation":{"x":-0.36581557989120486,"y":0.29806187748908999,"z":-0.12493035197257996,"w":-0.8727717399597168},"size":105.39657592773438,"orthographic":true}