{"cameraMode":{"drawMode":0,"name":"Shaded","section":"Shading Mode"},"sceneLighting":true,"audioPlay":false,"sceneViewState":{"showFog":true,"showMaterialUpdate":true,"showSkybox":true,"showFlares":true,"showImageEffects":true,"showParticleSystems":true},"in2DMode":false,"pivot":{"x":-4.664562225341797,"y":-2.153993606567383,"z":-1.1581993103027344},"rotation":{"x":0.28645914793014529,"y":0.053715236485004428,"z":-0.016088368371129037,"w":0.9564502239227295},"size":49.17475891113281,"orthographic":false}